<?xml version="1.0"?>
<univer>
<title>Kharkiv National University of Radio Electronics</title>
<contacts>
<address>Lenin ave. 14, KHARKOV, UKRAINE</address>
<tel>2-12-85-06</tel>
<tel>322-223</tel>
<email>admin@kture.kharkov.ua</email>
<url>www.kture.kharkov.ua</url>
   </contacts>
<spec-list>

<spec index="1">
<title>Computer Science Dep.</title>
<date>01.09.2006</date>
<about>KN</about>
<home-url>www.kn.kture.kharkov.ua</home-url>

<course>           
  <course ID="1">
    <title>Mathematics</title>
     <url>localhost/vm</url>
            
<hotkeys>
<hotkey>language</hotkey>
<hotkey>hypertext</hotkey>
</hotkeys>
       <course-finished/>
 </course>
          
<course>
<title>Hypertext & Hypermedia</title>
<url>localhost/hnhm</url>
     <course ID="2"/>
<hotkeys>
<hotkey/>
     </hotkeys>
            </course>
            
<course ID="3">
<title/>
<url/>
            
<hotkeys/>
    </course>
     </course>
      </spec>
        </spec-list>

    <prepod-list>
<prepod ID="11">
<firstname>Ivan</firstname>
<lastname>Ivanov</lastname>
<email>ivan@mail.com</email>
</prepod>
      
<prepod ID="12">
<firstname>Petro</firstname>
<lastname>Petrov</lastname>
<email>petro@mail.com</email>
</prepod>
      
<prepod ID="13">
<firstname>Sidor</firstname>
<lastname>Sidorov</lastname>
<email>sidor@mail.com</email>
 </prepod>
   </prepod-list>

</univer>

