<?xml version="1.0" encoding="UTF-8"?>

<!--  JBoss Server Configuration of data source -->
<datasources>
  <local-tx-datasource>
    <jndi-name>AjaxDS</jndi-name>
    <connection-url>jbdc:mysql://localhost:3306/ajax</connection-url>
    <driver-class>com.mysql.jdbc.Driver</driver-class>
    <user-name>ajax</user-name>
    <password>action</password>
  </local-tx-datasource>
</datasources>


<!-- here's a standalone tomcat example from some tutorial...

http://jakarta.apache.org/tomcat/tomcat-5.5-doc/jndi-datasource-examples-howto.html

<Context path="/database" docBase="database" debug="0"
     reloadable="true" >
 <ResourceParams name="jdbc/conversion">
  <parameter>
   <name>username</name>
   <value>root</value>
  </parameter>
  <parameter>
   <name>password</name>
   <value>secret</value>
  </parameter>
  <parameter>
   <name>driverClassName</name>
   <value>org.gjt.mm.mysql.Driver</value>
  </parameter>
  <parameter>
   <name>url</name>
   <value>jdbc:mysql://localhost/test</value>
  </parameter>
 </ResourceParams>
</Context>
-->